,rmse,mean,median,std,min,max,sse
kitti_gt_00.txt,1.1102178321858986,0.8953515393520545,0.7970832776397327,0.6564520210064578,0.21363427955843214,4.402557764464044,1301.6083184581555
