,max,mean,median,min,rmse,sse,std
kitti_dso_05.txt,151.5572055255482,87.17698837411322,82.14498065482411,46.77139902761867,91.40957332751348,3751713.833067211,27.493322715484766
kitti_ldso_05.txt,8.609384743053829,3.95949370178935,4.085380050866933,0.4496019756140497,4.224080437538326,38183.71086157911,1.4714840020484252
kitti_orbslam2_05.txt,10.029927982195986,5.312461161002783,5.683251460250766,0.29016186400160876,5.6410020283863265,30675.351344425337,1.8970135205357945
