,max,mean,median,min,rmse,sse,std
kitti_dso_02.txt,18.065784107377592,6.157515446587835,5.974430939239687,0.5274518640372832,7.170488606249052,1902.3885535368563,3.6743584987558946
kitti_ldso_02.txt,18.065784107377592,6.157515446587835,5.974430939239687,0.5274518640372832,7.170488606249052,1902.3885535368563,3.6743584987558946
kitti_orbslam2_02.txt,87.93894377876963,23.15311366735981,17.99129016220291,5.357366117650269,29.583502256735184,1430050.011835134,18.41512783774721
