,max,mean,median,min,rmse,sse,std
kitti_dso_07.txt,35.285426298200626,12.69256377830228,12.230797518087186,0.5392796141486451,14.859361706075312,36873.70526210022,7.726542243831089
kitti_ldso_07.txt,3.435296002141064,1.733785869755825,1.7483432409980655,0.09083565020291573,1.9138297058936187,2816.6502460906977,0.8103892280848085
kitti_orbslam2_07.txt,3.84591633049691,2.1325123373481816,2.112826549209294,0.16082672202874446,2.278807245776579,2082.377947824939,0.8033390283445921
