,max,mean,median,min,rmse,sse,std
kitti_dso_01.txt,53.529556722132504,18.749115049475996,18.028583700031376,3.74729312544743,21.764647453375407,36474.89066526849,11.053079373244062
kitti_ldso_01.txt,30.577211549986906,7.62730667878995,4.6220427774178745,0.7596244778243584,10.801857618878635,103145.23316837735,7.648811727726902
kitti_orbslam2_01.txt,2.3787843667815536,1.1284590838796904,1.1388368652794436,0.47802334697844395,1.2247402576629713,46.4996496609512,0.47599243139967107
