,max,mean,median,min,rmse,sse,std
kitti_dso_00.txt,91.79201091786422,40.61979114081693,37.79447485608924,8.434839374903708,45.538615042385615,895866.6787107505,20.58635537570941
kitti_ldso_00.txt,22.975089683493284,9.533793147351474,7.881187980299603,2.128489195231412,10.738124187478837,459960.86384114926,4.94106256682023
kitti_orbslam2_00.txt,77.97592752209175,16.52417274365437,13.517409140050066,2.812514322916406,20.2553952411317,433256.7744114306,11.71463834321533
