,rmse,mean,median,std,min,max,sse
kitti_gt_01.txt,0.014230599510446537,0.013085583580276759,0.012983328622356325,0.00559262592976792,0.00529138255863246,0.02694547123280619,0.006277808835228358
